<root encoding="UTF-8">
	<meshes>
		<file>Floor_400x400.obj</file>
		<file>SM_Chair.obj</file>
		<file>SM_Couch.obj</file>
		<file>SM_TableRound.obj</file>
		<file>SM_Statue.obj</file>
		<file>SM_WindowFrame.obj</file>
		<file>SM_MatPreviewMesh_02.obj</file>
		<file>SM_CornerFrame.obj</file>
		<file>Wall_400x400.obj</file>
		<file>SM_Lamp_Wall.obj</file>
		<file>SM_Rock.obj</file>
		<file>EditorPlane.obj</file>
		<file>Shape_Cone.obj</file>
	</meshes>
	<scene>
		<object>
			<meshindex>0</meshindex>
			<transform>
				<position>0.000000 0.000000 0.000000</position>
				<scale>3.000000 3.000000 3.000000</scale>
				<quat>-0.000000 -0.000000 -0.000000 1.000000</quat>
			</transform>
			<name>Floor_400x400_2</name>
		</object>
		<object>
			<meshindex>1</meshindex>
			<transform>
				<position>570.000000 0.000000 410.000000</position>
				<scale>1.000000 1.000000 1.000000</scale>
				<quat>-0.000000 -0.000000 -0.000000 1.000000</quat>
			</transform>
			<name>SM_Chair_5</name>
		</object>
		<object>
			<meshindex>2</meshindex>
			<transform>
				<position>620.000000 0.000000 750.000000</position>
				<scale>1.000000 1.000000 1.000000</scale>
				<quat>-0.000000 -0.000000 -0.000000 1.000000</quat>
			</transform>
			<name>SM_Couch_9</name>
		</object>
		<object>
			<meshindex>3</meshindex>
			<transform>
				<position>620.000000 0.000000 1080.000000</position>
				<scale>1.000000 1.000000 1.000000</scale>
				<quat>-0.000000 -0.000000 -0.000000 1.000000</quat>
			</transform>
			<name>SM_TableRound_12</name>
		</object>
		<object>
			<meshindex>4</meshindex>
			<transform>
				<position>1040.000000 0.000000 1140.000000</position>
				<scale>1.000000 1.000000 1.000000</scale>
				<quat>-0.000000 -0.000000 -0.000000 1.000000</quat>
			</transform>
			<name>SM_Statue_15</name>
		</object>
		<object>
			<meshindex>5</meshindex>
			<transform>
				<position>1110.000000 0.000000 780.000000</position>
				<scale>1.000000 1.000000 1.000000</scale>
				<quat>-0.000000 -0.000000 -0.000000 1.000000</quat>
			</transform>
			<name>SM_WindowFrame_18</name>
		</object>
		<object>
			<meshindex>6</meshindex>
			<transform>
				<position>1090.000000 0.000000 170.000000</position>
				<scale>1.000000 1.000000 1.000000</scale>
				<quat>-0.000000 -0.996195 0.000000 0.087154</quat>
			</transform>
			<name>SM_MatPreviewMesh_02_21</name>
		</object>
		<object>
			<meshindex>7</meshindex>
			<transform>
				<position>1100.000000 0.000000 550.000000</position>
				<scale>1.000000 1.000000 1.000000</scale>
				<quat>-0.000000 -0.000000 -0.000000 1.000000</quat>
			</transform>
			<name>SM_CornerFrame_24</name>
		</object>
		<object>
			<meshindex>8</meshindex>
			<transform>
				<position>1250.000000 -340.000000 1410.000000</position>
				<scale>4.500000 4.500000 1.000000</scale>
				<quat>0.000000 0.707107 -0.000000 0.707106</quat>
			</transform>
			<name>Wall_400x400_27</name>
		</object>
		<object>
			<meshindex>9</meshindex>
			<transform>
				<position>1240.000000 380.000000 800.000000</position>
				<scale>1.000000 1.000000 1.000000</scale>
				<quat>-0.000000 -0.000000 -0.000000 1.000000</quat>
			</transform>
			<name>SM_Lamp_Wall_30</name>
		</object>
		<object>
			<meshindex>9</meshindex>
			<transform>
				<position>1240.000000 610.000000 430.000000</position>
				<scale>1.000000 1.000000 1.000000</scale>
				<quat>-0.000000 -0.000000 -0.000000 1.000000</quat>
			</transform>
			<name>SM_Lamp_Wall2_33</name>
		</object>
		<object>
			<meshindex>9</meshindex>
			<transform>
				<position>1210.000000 640.000000 140.000000</position>
				<scale>1.000000 1.000000 1.000000</scale>
				<quat>-0.000000 -0.000000 -0.000000 1.000000</quat>
			</transform>
			<name>SM_Lamp_Wall3_36</name>
		</object>
		<object>
			<meshindex>10</meshindex>
			<transform>
				<position>1240.000000 640.000000 -30.000000</position>
				<scale>1.000000 1.000000 1.000000</scale>
				<quat>-0.000000 -0.000000 -0.000000 1.000000</quat>
			</transform>
			<name>SM_Rock_39</name>
		</object>
		<object>
			<meshindex>3</meshindex>
			<transform>
				<position>1240.000000 600.000000 740.000000</position>
				<scale>1.000000 1.000000 1.000000</scale>
				<quat>0.000000 -0.000000 0.707107 0.707107</quat>
			</transform>
			<name>SM_TableRound2_42</name>
		</object>
		<object>
			<meshindex>8</meshindex>
			<transform>
				<position>1250.000000 -340.000000 1410.000000</position>
				<scale>4.500000 4.500000 1.000000</scale>
				<quat>-0.000000 -1.000000 0.000000 0.000002</quat>
			</transform>
			<name>Wall_400x401</name>
		</object>
		<object>
			<meshindex>8</meshindex>
			<transform>
				<position>1250.000000 -340.000000 -280.000000</position>
				<scale>4.500000 4.500000 1.000000</scale>
				<quat>-0.000000 -1.000000 0.000000 0.000002</quat>
			</transform>
			<name>Wall_400x402</name>
		</object>
		<portal>
			<meshindex>11</meshindex>
			<name>PortalActor_15</name>
			<transform>
				<position>880.000000 140.000000 350.000000</position>
				<scale>1.000000 0.500000 0.500000</scale>
				<quat>-0.000000 -0.000000 -0.000000 1.000000</quat>
			</transform>
			<transform>
				<position>340.000000 140.000000 350.000000</position>
				<scale>1.000000 0.500000 0.500000</scale>
				<quat>-0.000000 -0.000000 -0.000000 1.000000</quat>
			</transform>
		</portal>
		<portal>
			<meshindex>11</meshindex>
			<name>PortalActor16</name>
			<transform>
				<position>880.000000 140.000000 500.000000</position>
				<scale>1.000000 0.500000 0.500000</scale>
				<quat>-0.000000 -0.000000 -0.000000 1.000000</quat>
			</transform>
			<transform>
				<position>340.000000 140.000000 500.000000</position>
				<scale>1.000000 0.500000 0.500000</scale>
				<quat>-0.000000 -0.000000 -0.000000 1.000000</quat>
			</transform>
		</portal>
		<portal>
			<meshindex>11</meshindex>
			<name>PortalActor17</name>
			<transform>
				<position>880.000000 140.000000 660.000000</position>
				<scale>1.000000 0.500000 0.500000</scale>
				<quat>-0.000000 -0.000000 -0.000000 1.000000</quat>
			</transform>
			<transform>
				<position>340.000000 140.000000 660.000000</position>
				<scale>1.000000 0.500000 0.500000</scale>
				<quat>-0.000000 -0.000000 -0.000000 1.000000</quat>
			</transform>
		</portal>
		<portal>
			<meshindex>11</meshindex>
			<name>PortalActor18</name>
			<transform>
				<position>880.000000 140.000000 840.000000</position>
				<scale>1.000000 0.500000 0.500000</scale>
				<quat>-0.000000 -0.000000 -0.000000 1.000000</quat>
			</transform>
			<transform>
				<position>340.000000 140.000000 840.000000</position>
				<scale>1.000000 0.500000 0.500000</scale>
				<quat>-0.000000 -0.000000 -0.000000 1.000000</quat>
			</transform>
		</portal>
		<portal>
			<meshindex>11</meshindex>
			<name>PortalActor19</name>
			<transform>
				<position>880.000000 290.000000 350.000000</position>
				<scale>1.000000 0.500000 0.500000</scale>
				<quat>-0.000000 -0.000000 -0.000000 1.000000</quat>
			</transform>
			<transform>
				<position>340.000000 290.000000 350.000000</position>
				<scale>1.000000 0.500000 0.500000</scale>
				<quat>-0.000000 -0.000000 -0.000000 1.000000</quat>
			</transform>
		</portal>
		<portal>
			<meshindex>11</meshindex>
			<name>PortalActor20</name>
			<transform>
				<position>880.000000 290.000000 500.000000</position>
				<scale>1.000000 0.500000 0.500000</scale>
				<quat>-0.000000 -0.000000 -0.000000 1.000000</quat>
			</transform>
			<transform>
				<position>340.000000 290.000000 500.000000</position>
				<scale>1.000000 0.500000 0.500000</scale>
				<quat>-0.000000 -0.000000 -0.000000 1.000000</quat>
			</transform>
		</portal>
		<portal>
			<meshindex>11</meshindex>
			<name>PortalActor21</name>
			<transform>
				<position>880.000000 290.000000 660.000000</position>
				<scale>1.000000 0.500000 0.500000</scale>
				<quat>-0.000000 -0.000000 -0.000000 1.000000</quat>
			</transform>
			<transform>
				<position>340.000000 290.000000 660.000000</position>
				<scale>1.000000 0.500000 0.500000</scale>
				<quat>-0.000000 -0.000000 -0.000000 1.000000</quat>
			</transform>
		</portal>
		<portal>
			<meshindex>11</meshindex>
			<name>PortalActor22</name>
			<transform>
				<position>880.000000 290.000000 830.000000</position>
				<scale>1.000000 0.500000 0.500000</scale>
				<quat>-0.000000 -0.000000 -0.000000 1.000000</quat>
			</transform>
			<transform>
				<position>340.000000 290.000000 830.000000</position>
				<scale>1.000000 0.500000 0.500000</scale>
				<quat>-0.000000 -0.000000 -0.000000 1.000000</quat>
			</transform>
		</portal>
		<camera>
			<position>-105.785919 663.480835 656.225952</position>
			<direction>0.677438 -0.733731 -0.052126</direction>
		</camera>
	</scene>
</root>

