<root encoding="UTF-8">
	<meshes>
		<file>Floor_400x400.obj</file>
		<file>Wall_500x500.obj</file>
		<file>SM_Shelf.obj</file>
		<file>SM_Chair.obj</file>
		<file>SM_TableRound.obj</file>
		<file>SM_Statue.obj</file>
		<file>SM_Lamp_Wall.obj</file>
		<file>SM_Couch.obj</file>
		<file>SM_Double_Door_Corner.obj</file>
		<file>SM_Rock.obj</file>
		<file>Shape_Torus.obj</file>
		<file>Shape_NarrowCapsule.obj</file>
		<file>Shape_Cone.obj</file>
		<file>Wall_Door_400x400.obj</file>
		<file>Wall_400x400.obj</file>
		<file>EditorPlane.obj</file>
		<file>halfSphere.obj</file>
		<file>SM_MatPreviewMesh_02.obj</file>
		<file>SM_Bush.obj</file>
		<file>SM_Stairs.obj</file>
		<file>Shape_Cone.obj</file>
	</meshes>
	<scene>
		<object>
			<meshindex>0</meshindex>
			<transform>
				<position>-950.000488 0.000000 -950.000488</position>
				<scale>6.000000 1.043478 6.000000</scale>
				<quat>-0.000000 -0.000000 -0.000000 1.000000</quat>
			</transform>
			<name>Floor_400x400_5</name>
		</object>
		<object>
			<meshindex>1</meshindex>
			<transform>
				<position>-920.000000 0.000000 -950.000000</position>
				<scale>4.750000 2.500000 1.000000</scale>
				<quat>-0.000000 -0.000000 -0.000000 1.000000</quat>
			</transform>
			<name>Wall_500x500_8</name>
		</object>
		<object>
			<meshindex>1</meshindex>
			<transform>
				<position>-920.000000 0.000000 1440.000000</position>
				<scale>4.750000 2.500000 1.000000</scale>
				<quat>-0.000000 -0.000000 -0.000000 1.000000</quat>
			</transform>
			<name>Wall_500x501</name>
		</object>
		<object>
			<meshindex>1</meshindex>
			<transform>
				<position>1440.000000 0.000000 1430.000000</position>
				<scale>4.750000 2.500000 1.000000</scale>
				<quat>0.000000 0.707107 -0.000000 0.707106</quat>
			</transform>
			<name>Wall_500x502_12</name>
		</object>
		<object>
			<meshindex>1</meshindex>
			<transform>
				<position>-910.000000 0.000000 1430.000000</position>
				<scale>4.750000 2.500000 1.000000</scale>
				<quat>0.000000 0.707107 -0.000000 0.707106</quat>
			</transform>
			<name>Wall_500x503</name>
		</object>
		<object>
			<meshindex>2</meshindex>
			<transform>
				<position>-900.000000 290.000000 -70.000000</position>
				<scale>1.000000 1.000000 1.000000</scale>
				<quat>-0.000000 -0.000000 -0.000000 1.000000</quat>
			</transform>
			<name>SM_Shelf_22</name>
		</object>
		<object>
			<meshindex>2</meshindex>
			<transform>
				<position>-900.000000 290.000000 850.000000</position>
				<scale>1.000000 1.000000 1.000000</scale>
				<quat>-0.000000 -0.000000 -0.000000 1.000000</quat>
			</transform>
			<name>SM_Shelf2</name>
		</object>
		<object>
			<meshindex>3</meshindex>
			<transform>
				<position>550.000000 0.000000 -400.000000</position>
				<scale>1.000000 1.000000 1.000000</scale>
				<quat>-0.000000 -0.707107 0.000000 0.707106</quat>
			</transform>
			<name>SM_Chair_28</name>
		</object>
		<object>
			<meshindex>4</meshindex>
			<transform>
				<position>350.000000 0.000000 230.000000</position>
				<scale>1.000000 1.000000 1.000000</scale>
				<quat>-0.000000 -0.000000 -0.000000 1.000000</quat>
			</transform>
			<name>SM_TableRound_32</name>
		</object>
		<object>
			<meshindex>5</meshindex>
			<transform>
				<position>-10.000000 0.000000 -230.000000</position>
				<scale>1.000000 1.000000 1.000000</scale>
				<quat>-0.000000 -0.000000 -0.000000 1.000000</quat>
			</transform>
			<name>SM_Statue_35</name>
		</object>
		<object>
			<meshindex>6</meshindex>
			<transform>
				<position>1430.000000 360.000000 230.000000</position>
				<scale>10.000000 10.000000 10.000000</scale>
				<quat>0.000000 1.000000 -0.000000 0.000002</quat>
			</transform>
			<name>SM_Lamp_Wall_42</name>
		</object>
		<object>
			<meshindex>7</meshindex>
			<transform>
				<position>720.000000 0.000000 1300.000000</position>
				<scale>1.000000 1.000000 1.000000</scale>
				<quat>0.000000 0.707107 0.000000 0.707106</quat>
			</transform>
			<name>SM_Couch_45</name>
		</object>
		<object>
			<meshindex>8</meshindex>
			<transform>
				<position>1030.000000 0.000000 1040.000000</position>
				<scale>1.000000 1.000000 1.000000</scale>
				<quat>0.000000 0.707107 -0.000000 0.707106</quat>
			</transform>
			<name>SM_Double_Door_Corner2</name>
		</object>
		<object>
			<meshindex>9</meshindex>
			<transform>
				<position>-20.000000 0.000000 60.000000</position>
				<scale>1.000000 1.000000 1.000000</scale>
				<quat>-0.000000 -0.000000 -0.000000 1.000000</quat>
			</transform>
			<name>SM_Rock3</name>
		</object>
		<object>
			<meshindex>3</meshindex>
			<transform>
				<position>550.000000 0.000000 -770.000000</position>
				<scale>1.000000 1.000000 1.000000</scale>
				<quat>-0.298837 -0.640857 -0.298836 0.640855</quat>
			</transform>
			<name>SM_Chair2</name>
		</object>
		<object>
			<meshindex>10</meshindex>
			<transform>
				<position>890.000000 230.000000 -280.000000</position>
				<scale>1.000000 1.000000 1.000000</scale>
				<quat>-0.000000 -0.000000 -0.000000 1.000000</quat>
			</transform>
			<name>Shape_Torus_5</name>
		</object>
		<object>
			<meshindex>11</meshindex>
			<transform>
				<position>130.000000 0.000000 -330.000000</position>
				<scale>1.000000 1.000000 1.000000</scale>
				<quat>-0.000000 -0.000000 -0.000000 1.000000</quat>
			</transform>
			<name>Shape_NarrowCapsule_9</name>
		</object>
		<object>
			<meshindex>12</meshindex>
			<transform>
				<position>1200.000000 0.000000 -60.000000</position>
				<scale>1.000000 1.000000 1.000000</scale>
				<quat>-0.000000 -0.000000 -0.000000 1.000000</quat>
			</transform>
			<name>Shape_Cone_12</name>
		</object>
		<object>
			<meshindex>13</meshindex>
			<transform>
				<position>740.000000 0.000000 -540.000000</position>
				<scale>1.000000 1.000000 1.000000</scale>
				<quat>0.000000 0.707107 -0.000000 0.707106</quat>
			</transform>
			<name>Wall_Door_400x400_2</name>
		</object>
		<object>
			<meshindex>14</meshindex>
			<transform>
				<position>740.000000 0.000000 -540.000000</position>
				<scale>2.250000 1.000000 1.000000</scale>
				<quat>-0.000000 -0.707107 0.000000 0.707106</quat>
			</transform>
			<name>Wall_400x400_5</name>
		</object>
		<object>
			<meshindex>14</meshindex>
			<transform>
				<position>730.000000 0.000000 370.000000</position>
				<scale>1.750000 1.000000 1.000000</scale>
				<quat>-0.000000 -0.000000 -0.000000 1.000000</quat>
			</transform>
			<name>Wall_400x401_16</name>
		</object>
		<object>
			<meshindex>13</meshindex>
			<transform>
				<position>-310.000000 0.000000 -340.000000</position>
				<scale>1.500000 1.250000 1.000000</scale>
				<quat>0.000000 0.707107 -0.000000 0.707106</quat>
			</transform>
			<name>Wall_Door_400x401_22</name>
		</object>
		<object>
			<meshindex>14</meshindex>
			<transform>
				<position>-900.000000 0.000000 -330.000000</position>
				<scale>1.500000 1.500000 1.000000</scale>
				<quat>-0.000000 -0.000000 -0.000000 1.000000</quat>
			</transform>
			<name>Wall_400x402_25</name>
		</object>
		<object>
			<meshindex>14</meshindex>
			<transform>
				<position>-900.000000 0.000000 -330.000000</position>
				<scale>1.500000 1.500000 1.000000</scale>
				<quat>-0.000000 -0.000000 -0.000000 1.000000</quat>
			</transform>
			<name>Wall_400x403</name>
		</object>
		<object>
			<meshindex>14</meshindex>
			<transform>
				<position>-310.000000 500.000000 -340.000000</position>
				<scale>1.500000 1.500000 1.000000</scale>
				<quat>0.000000 0.707107 -0.000000 0.707106</quat>
			</transform>
			<name>Wall_400x404</name>
		</object>
		<object>
			<meshindex>14</meshindex>
			<transform>
				<position>-300.000000 600.000000 -330.000000</position>
				<scale>1.500000 1.500000 1.000000</scale>
				<quat>-0.000000 -1.000000 0.000000 0.000002</quat>
			</transform>
			<name>Wall_400x405</name>
		</object>
		<object>
			<meshindex>6</meshindex>
			<transform>
				<position>-840.000000 370.000000 -340.000000</position>
				<scale>2.250000 2.250000 2.250000</scale>
				<quat>0.000000 0.707107 -0.000000 0.707106</quat>
			</transform>
			<name>SM_Lamp_Wall2_31</name>
		</object>
		<object>
			<meshindex>6</meshindex>
			<transform>
				<position>-430.000000 370.000000 -340.000000</position>
				<scale>2.250000 2.250000 2.250000</scale>
				<quat>0.000000 0.707107 -0.000000 0.707106</quat>
			</transform>
			<name>SM_Lamp_Wall3</name>
		</object>
		<object>
			<meshindex>3</meshindex>
			<transform>
				<position>-830.000000 0.000000 -880.000000</position>
				<scale>1.000000 1.000000 1.000000</scale>
				<quat>-0.000000 -0.000000 -0.000000 1.000000</quat>
			</transform>
			<name>SM_Chair3_35</name>
		</object>
		<object>
			<meshindex>2</meshindex>
			<transform>
				<position>-440.000000 420.000000 -940.000000</position>
				<scale>1.000000 1.000000 0.500000</scale>
				<quat>-0.000000 -0.707107 0.000000 0.707106</quat>
			</transform>
			<name>SM_Shelf3_39</name>
		</object>
		<object>
			<meshindex>2</meshindex>
			<transform>
				<position>-840.000000 420.000000 -940.000000</position>
				<scale>1.000000 1.000000 0.500000</scale>
				<quat>-0.000000 -0.707107 0.000000 0.707106</quat>
			</transform>
			<name>SM_Shelf4</name>
		</object>
		<object>
			<meshindex>5</meshindex>
			<transform>
				<position>-900.000000 320.000000 -810.000000</position>
				<scale>1.000000 1.000000 1.000000</scale>
				<quat>-0.000000 0.000000 0.707107 -0.707107</quat>
			</transform>
			<name>SM_Statue2_43</name>
		</object>
		<object>
			<meshindex>5</meshindex>
			<transform>
				<position>-900.000000 500.000000 -390.000000</position>
				<scale>1.000000 1.000000 1.000000</scale>
				<quat>0.000000 -0.000000 -0.707107 0.707107</quat>
			</transform>
			<name>SM_Statue3</name>
		</object>
		<object>
			<meshindex>5</meshindex>
			<transform>
				<position>-860.000000 420.000000 -920.000000</position>
				<scale>0.750000 0.750000 0.750000</scale>
				<quat>0.000000 0.000000 0.000002 1.000000</quat>
			</transform>
			<name>SM_Statue4</name>
		</object>
		<object>
			<meshindex>3</meshindex>
			<transform>
				<position>-410.000000 280.000000 -340.000000</position>
				<scale>1.000000 1.000000 1.000000</scale>
				<quat>-0.500000 -0.500000 0.500000 0.499999</quat>
			</transform>
			<name>SM_Chair4_48</name>
		</object>
		<object>
			<meshindex>9</meshindex>
			<transform>
				<position>410.000000 80.000000 1270.000000</position>
				<scale>0.250000 0.250000 0.250000</scale>
				<quat>-0.000000 -0.000000 -0.000000 1.000000</quat>
			</transform>
			<name>SM_Rock_51</name>
		</object>
		<object>
			<meshindex>0</meshindex>
			<transform>
				<position>-2990.000488 3640.000000 -2430.000488</position>
				<scale>15.500000 -17.250000 15.500000</scale>
				<quat>-0.000000 -0.000000 -0.000000 1.000000</quat>
			</transform>
			<name>Floor_400x402</name>
		</object>
		<object>
			<meshindex>17</meshindex>
			<transform>
				<position>1170.000000 1870.000000 710.000000</position>
				<scale>1.000000 1.000000 1.000000</scale>
				<quat>-0.000000 -0.000000 -0.000000 1.000000</quat>
			</transform>
			<name>SM_MatPreviewMesh_02_55</name>
		</object>
		<object>
			<meshindex>17</meshindex>
			<transform>
				<position>1170.000000 1870.000000 1320.000000</position>
				<scale>1.000000 1.000000 1.000000</scale>
				<quat>0.000000 -0.000000 -0.819153 0.573574</quat>
			</transform>
			<name>SM_MatPreviewMesh_3</name>
		</object>
		<object>
			<meshindex>9</meshindex>
			<transform>
				<position>1480.000000 1530.000000 -460.000000</position>
				<scale>1.000000 1.000000 1.000000</scale>
				<quat>-0.000000 -0.000000 -0.000000 1.000000</quat>
			</transform>
			<name>SM_Rock2_59</name>
		</object>
		<object>
			<meshindex>3</meshindex>
			<transform>
				<position>1050.000000 1950.000000 -820.000000</position>
				<scale>1.000000 1.000000 1.000000</scale>
				<quat>-0.000000 -0.000000 -0.000000 1.000000</quat>
			</transform>
			<name>SM_Chair5_62</name>
		</object>
		<object>
			<meshindex>18</meshindex>
			<transform>
				<position>1160.000000 2020.000000 -610.000000</position>
				<scale>1.000000 1.000000 1.000000</scale>
				<quat>-0.000000 -0.000000 -0.000000 1.000000</quat>
			</transform>
			<name>SM_Bush_66</name>
		</object>
		<object>
			<meshindex>9</meshindex>
			<transform>
				<position>908.492065 1530.000000 132.004608</position>
				<scale>1.000000 1.000000 1.000000</scale>
				<quat>-0.000000 -0.573577 0.000000 0.819151</quat>
			</transform>
			<name>SM_Rock4</name>
		</object>
		<object>
			<meshindex>3</meshindex>
			<transform>
				<position>1099.713501 1950.000000 -395.190186</position>
				<scale>1.000000 1.000000 1.000000</scale>
				<quat>-0.000000 -0.573577 0.000000 0.819151</quat>
			</transform>
			<name>SM_Chair6</name>
		</object>
		<object>
			<meshindex>18</meshindex>
			<transform>
				<position>940.000000 2020.000000 -220.000000</position>
				<scale>1.000000 1.000000 1.000000</scale>
				<quat>-0.000000 -0.573577 0.000000 0.819151</quat>
			</transform>
			<name>SM_Bush2</name>
		</object>
		<object>
			<meshindex>9</meshindex>
			<transform>
				<position>1449.398560 1530.000000 340.400330</position>
				<scale>1.000000 1.000000 1.000000</scale>
				<quat>-0.000000 -0.173648 0.000000 0.984808</quat>
			</transform>
			<name>SM_Rock5</name>
		</object>
		<object>
			<meshindex>3</meshindex>
			<transform>
				<position>1168.458130 1950.000000 -144.957703</position>
				<scale>1.000000 1.000000 1.000000</scale>
				<quat>-0.000000 -0.173648 0.000000 0.984808</quat>
			</transform>
			<name>SM_Chair7</name>
		</object>
		<object>
			<meshindex>18</meshindex>
			<transform>
				<position>1200.000000 2020.000000 90.000000</position>
				<scale>1.000000 1.000000 1.000000</scale>
				<quat>-0.000000 -0.173648 0.000000 0.984808</quat>
			</transform>
			<name>SM_Bush3</name>
		</object>
		<object>
			<meshindex>17</meshindex>
			<transform>
				<position>1400.000000 1940.000000 -510.000000</position>
				<scale>1.000000 1.000000 1.000000</scale>
				<quat>-0.000000 -0.866026 0.000000 0.499999</quat>
			</transform>
			<name>SM_MatPreviewMesh_75</name>
		</object>
		<object>
			<meshindex>17</meshindex>
			<transform>
				<position>1900.000000 1940.000000 -150.000000</position>
				<scale>1.000000 1.000000 1.000000</scale>
				<quat>-0.000000 -0.866026 0.000000 0.499999</quat>
			</transform>
			<name>SM_MatPreviewMesh_5</name>
		</object>
		<object>
			<meshindex>19</meshindex>
			<transform>
				<position>1300.000000 200.000000 -940.000000</position>
				<scale>1.000000 1.000000 1.000000</scale>
				<quat>0.707107 -0.000000 0.000000 0.707106</quat>
			</transform>
			<name>SM_Stairs_79</name>
		</object>
		<object>
			<meshindex>2</meshindex>
			<transform>
				<position>1430.000000 270.000000 -200.000000</position>
				<scale>1.000000 1.000000 1.000000</scale>
				<quat>0.000000 1.000000 -0.000000 0.000002</quat>
			</transform>
			<name>SM_Shelf5_82</name>
		</object>
		<object>
			<meshindex>6</meshindex>
			<transform>
				<position>1430.000000 260.000000 -550.000000</position>
				<scale>1.000000 1.000000 1.000000</scale>
				<quat>-0.000000 -1.000000 0.000000 0.000002</quat>
			</transform>
			<name>SM_Lamp_Wall4_85</name>
		</object>
		<object>
			<meshindex>9</meshindex>
			<transform>
				<position>1410.000000 140.000000 360.000000</position>
				<scale>1.000000 1.000000 1.000000</scale>
				<quat>-0.000000 -0.000000 -0.000000 1.000000</quat>
			</transform>
			<name>SM_Rock6_88</name>
		</object>
		<portal>
			<meshindex>15</meshindex>
			<name>PortalActor_8</name>
			<transform>
				<position>949.993774 220.000000 -929.999634</position>
				<scale>0.500000 1.250000 1.250000</scale>
				<quat>-0.000000 -0.707107 -0.000000 0.707106</quat>
			</transform>
			<transform>
				<position>950.000000 220.000000 350.000000</position>
				<scale>0.500000 1.250000 1.250000</scale>
				<quat>-0.000000 -0.707107 -0.000000 0.707106</quat>
			</transform>
		</portal>
		<portal>
			<meshindex>15</meshindex>
			<name>PortalActor_11</name>
			<transform>
				<position>-640.000000 400.000000 -350.000000</position>
				<scale>1.000000 1.000000 1.000000</scale>
				<quat>-0.000000 -0.707108 -0.000000 0.707106</quat>
			</transform>
			<transform>
				<position>-889.999390 400.000000 -639.999939</position>
				<scale>1.000000 1.000000 1.000000</scale>
				<quat>-0.000000 -0.000000 -0.000000 1.000000</quat>
			</transform>
		</portal>
		<portal>
			<meshindex>15</meshindex>
			<name>PortalActor12</name>
			<transform>
				<position>-640.000000 400.000000 -910.000000</position>
				<scale>1.000000 1.000000 1.000000</scale>
				<quat>-0.000000 0.707104 -0.000000 0.707109</quat>
			</transform>
			<transform>
				<position>-390.001709 520.000000 -619.999146</position>
				<scale>1.000000 1.000000 1.000000</scale>
				<quat>-0.000000 1.000000 -0.000000 0.000002</quat>
			</transform>
		</portal>
		<portal>
			<meshindex>16</meshindex>
			<name>PortalActor7</name>
			<transform>
				<position>550.000000 140.000000 50.000000</position>
				<scale>1.000000 1.000000 1.000000</scale>
				<quat>-0.000000 -0.000000 -0.000000 1.000000</quat>
			</transform>
			<transform>
				<position>380.000000 120.000000 1260.000000</position>
				<scale>1.000000 1.000000 1.000000</scale>
				<quat>-0.000000 -0.707108 -0.000000 0.707105</quat>
			</transform>
		</portal>
		<portal>
			<meshindex>15</meshindex>
			<name>PortalActor_15</name>
			<transform>
				<position>100.000000 210.000000 50.000000</position>
				<scale>1.750000 1.750000 1.750000</scale>
				<quat>-0.000000 -0.000000 -0.000000 1.000000</quat>
			</transform>
			<transform>
				<position>-179.999451 210.000000 50.000000</position>
				<scale>1.750000 1.750000 1.750000</scale>
				<quat>-0.000000 -0.000000 -0.000000 1.000000</quat>
			</transform>
		</portal>
		<portal>
			<meshindex>15</meshindex>
			<name>PortalActor18</name>
			<transform>
				<position>1340.000000 1370.000000 140.000000</position>
				<scale>1.000000 1.000000 1.000000</scale>
				<quat>0.000000 -0.000000 -0.707107 0.707107</quat>
			</transform>
			<transform>
				<position>1160.002319 1370.000122 -430.000122</position>
				<scale>6.000000 2.000000 2.750000</scale>
				<quat>0.000000 -0.000000 -0.707107 0.707107</quat>
			</transform>
		</portal>
		<camera>
			<position>937.490784 547.199097 1255.839844</position>
			<direction>-0.656647 -0.325541 -0.680321</direction>
		</camera>
	</scene>
</root>

