<root encoding="UTF-8">
	<meshes>
		<file>Floor_400x400.obj</file>
		<file>Wall_500x500.obj</file>
		<file>SM_Rock.obj</file>
		<file>SM_Shelf.obj</file>
		<file>SM_Chair.obj</file>
		<file>SM_TableRound.obj</file>
		<file>SM_Statue.obj</file>
		<file>SM_Lamp_Wall.obj</file>
		<file>SM_Couch.obj</file>
		<file>SM_Double_Door_Corner.obj</file>
		<file>Plane.obj</file>
		<file>Shape_Torus.obj</file>
		<file>Shape_NarrowCapsule.obj</file>
		<file>Shape_Cone.obj</file>
		<file>EditorPlane.obj</file>
		<file>Shape_Cone.obj</file>
	</meshes>
	<scene>
		<object>
			<meshindex>0</meshindex>
			<transform>
				<position>-950.000488 0.000000 -950.000488</position>
				<scale>6.000000 1.043478 6.000000</scale>
				<quat>-0.000000 -0.000000 -0.000000 1.000000</quat>
			</transform>
			<name>Floor_400x400_5</name>
		</object>
		<object>
			<meshindex>1</meshindex>
			<transform>
				<position>-920.000000 0.000000 -950.000000</position>
				<scale>4.750000 2.500000 1.000000</scale>
				<quat>-0.000000 -0.000000 -0.000000 1.000000</quat>
			</transform>
			<name>Wall_500x500_8</name>
		</object>
		<object>
			<meshindex>1</meshindex>
			<transform>
				<position>-920.000000 0.000000 1440.000000</position>
				<scale>4.750000 2.500000 1.000000</scale>
				<quat>-0.000000 -0.000000 -0.000000 1.000000</quat>
			</transform>
			<name>Wall_500x501</name>
		</object>
		<object>
			<meshindex>1</meshindex>
			<transform>
				<position>1440.000000 0.000000 1430.000000</position>
				<scale>4.750000 2.500000 1.000000</scale>
				<quat>0.000000 0.707107 -0.000000 0.707106</quat>
			</transform>
			<name>Wall_500x502_12</name>
		</object>
		<object>
			<meshindex>1</meshindex>
			<transform>
				<position>-910.000000 0.000000 1430.000000</position>
				<scale>4.750000 2.500000 1.000000</scale>
				<quat>0.000000 0.707107 -0.000000 0.707106</quat>
			</transform>
			<name>Wall_500x503</name>
		</object>
		<object>
			<meshindex>2</meshindex>
			<transform>
				<position>1320.000000 0.000000 -790.000000</position>
				<scale>1.000000 1.000000 1.000000</scale>
				<quat>-0.000000 -0.000000 -0.000000 1.000000</quat>
			</transform>
			<name>SM_Rock_19</name>
		</object>
		<object>
			<meshindex>3</meshindex>
			<transform>
				<position>-900.000000 290.000000 -70.000000</position>
				<scale>1.000000 1.000000 1.000000</scale>
				<quat>-0.000000 -0.000000 -0.000000 1.000000</quat>
			</transform>
			<name>SM_Shelf_22</name>
		</object>
		<object>
			<meshindex>3</meshindex>
			<transform>
				<position>-900.000000 290.000000 850.000000</position>
				<scale>1.000000 1.000000 1.000000</scale>
				<quat>-0.000000 -0.000000 -0.000000 1.000000</quat>
			</transform>
			<name>SM_Shelf2</name>
		</object>
		<object>
			<meshindex>3</meshindex>
			<transform>
				<position>-900.000000 290.000000 -800.000000</position>
				<scale>1.000000 1.000000 1.000000</scale>
				<quat>-0.000000 -0.000000 -0.000000 1.000000</quat>
			</transform>
			<name>SM_Shelf3</name>
		</object>
		<object>
			<meshindex>4</meshindex>
			<transform>
				<position>550.000000 0.000000 -400.000000</position>
				<scale>1.000000 1.000000 1.000000</scale>
				<quat>-0.000000 -0.707107 0.000000 0.707106</quat>
			</transform>
			<name>SM_Chair_28</name>
		</object>
		<object>
			<meshindex>0</meshindex>
			<transform>
				<position>-950.000488 1230.000000 -950.000488</position>
				<scale>6.000000 1.043478 6.000000</scale>
				<quat>-0.000000 -0.000000 -0.000000 1.000000</quat>
			</transform>
			<name>Floor_400x401</name>
		</object>
		<object>
			<meshindex>5</meshindex>
			<transform>
				<position>350.000000 0.000000 230.000000</position>
				<scale>1.000000 1.000000 1.000000</scale>
				<quat>-0.000000 -0.000000 -0.000000 1.000000</quat>
			</transform>
			<name>SM_TableRound_32</name>
		</object>
		<object>
			<meshindex>6</meshindex>
			<transform>
				<position>-10.000000 0.000000 -230.000000</position>
				<scale>1.000000 1.000000 1.000000</scale>
				<quat>-0.000000 -0.000000 -0.000000 1.000000</quat>
			</transform>
			<name>SM_Statue_35</name>
		</object>
		<object>
			<meshindex>7</meshindex>
			<transform>
				<position>1430.000000 360.000000 230.000000</position>
				<scale>10.000000 10.000000 10.000000</scale>
				<quat>0.000000 1.000000 -0.000000 0.000002</quat>
			</transform>
			<name>SM_Lamp_Wall_42</name>
		</object>
		<object>
			<meshindex>8</meshindex>
			<transform>
				<position>720.000000 0.000000 1300.000000</position>
				<scale>1.000000 1.000000 1.000000</scale>
				<quat>0.000000 0.707107 0.000000 0.707106</quat>
			</transform>
			<name>SM_Couch_45</name>
		</object>
		<object>
			<meshindex>9</meshindex>
			<transform>
				<position>-510.000000 0.000000 1030.000000</position>
				<scale>1.000000 1.000000 1.000000</scale>
				<quat>-0.000000 -0.000000 -0.000000 1.000000</quat>
			</transform>
			<name>SM_Double_Door_Corner</name>
		</object>
		<object>
			<meshindex>9</meshindex>
			<transform>
				<position>1030.000000 0.000000 1040.000000</position>
				<scale>1.000000 1.000000 1.000000</scale>
				<quat>0.000000 0.707107 -0.000000 0.707106</quat>
			</transform>
			<name>SM_Double_Door_Corner2</name>
		</object>
		<object>
			<meshindex>9</meshindex>
			<transform>
				<position>-510.000000 1210.000000 1030.000000</position>
				<scale>1.000000 -1.000000 1.000000</scale>
				<quat>-0.000000 -0.000000 -0.000000 1.000000</quat>
			</transform>
			<name>SM_Double_Door_Top</name>
		</object>
		<object>
			<meshindex>2</meshindex>
			<transform>
				<position>-20.000000 0.000000 -640.000000</position>
				<scale>1.000000 1.000000 1.000000</scale>
				<quat>-0.000000 -0.000000 -0.000000 1.000000</quat>
			</transform>
			<name>SM_Rock2</name>
		</object>
		<object>
			<meshindex>2</meshindex>
			<transform>
				<position>-20.000000 0.000000 60.000000</position>
				<scale>1.000000 1.000000 1.000000</scale>
				<quat>-0.000000 -0.000000 -0.000000 1.000000</quat>
			</transform>
			<name>SM_Rock3</name>
		</object>
		<object>
			<meshindex>4</meshindex>
			<transform>
				<position>550.000000 0.000000 -770.000000</position>
				<scale>1.000000 1.000000 1.000000</scale>
				<quat>-0.298837 -0.640857 -0.298836 0.640855</quat>
			</transform>
			<name>SM_Chair2</name>
		</object>
		<object>
			<meshindex>11</meshindex>
			<transform>
				<position>1010.000000 230.000000 -280.000000</position>
				<scale>1.000000 1.000000 1.000000</scale>
				<quat>-0.000000 -0.000000 -0.000000 1.000000</quat>
			</transform>
			<name>Shape_Torus_5</name>
		</object>
		<object>
			<meshindex>12</meshindex>
			<transform>
				<position>130.000000 0.000000 -330.000000</position>
				<scale>1.000000 1.000000 1.000000</scale>
				<quat>-0.000000 -0.000000 -0.000000 1.000000</quat>
			</transform>
			<name>Shape_NarrowCapsule_9</name>
		</object>
		<object>
			<meshindex>13</meshindex>
			<transform>
				<position>870.000000 0.000000 -60.000000</position>
				<scale>1.000000 1.000000 1.000000</scale>
				<quat>-0.000000 -0.000000 -0.000000 1.000000</quat>
			</transform>
			<name>Shape_Cone_12</name>
		</object>
		<object>
			<meshindex>5</meshindex>
			<transform>
				<position>-430.000000 1210.000000 1340.000000</position>
				<scale>1.000000 -1.000000 1.000000</scale>
				<quat>-0.000000 -0.000000 -0.000000 1.000000</quat>
			</transform>
			<name>SM_TableRound2_15</name>
		</object>
		<portal>
			<meshindex>10</meshindex>
			<name>PortalActor_1</name>
			<transform>
				<position>-700.000000 100.000000 1020.000000</position>
				<scale>2.250000 1.000000 1.250000</scale>
				<quat>-0.500000 -0.500000 0.500000 0.500000</quat>
			</transform>
			<transform>
				<position>1020.000000 110.000000 1230.000000</position>
				<scale>2.250000 1.000000 1.250000</scale>
				<quat>-0.707107 -0.707107 -0.000001 -0.000001</quat>
			</transform>
		</portal>
		<portal>
			<meshindex>10</meshindex>
			<name>PortalActor2</name>
			<transform>
				<position>-510.000000 110.000000 1230.000000</position>
				<scale>2.250000 1.000000 1.250000</scale>
				<quat>-0.707107 -0.707107 0.000005 0.000005</quat>
			</transform>
			<transform>
				<position>-510.000000 1100.000000 1230.000000</position>
				<scale>2.250000 -1.000000 1.250000</scale>
				<quat>-0.707107 -0.707107 0.000002 0.000002</quat>
			</transform>
		</portal>
		<portal>
			<meshindex>14</meshindex>
			<name>PortalActor_2</name>
			<transform>
				<position>-480.000000 320.000000 0.000000</position>
				<scale>1.000000 1.000000 1.000000</scale>
				<quat>-0.000000 -0.000000 -0.000000 1.000000</quat>
			</transform>
			<transform>
				<position>0.000000 350.000000 -520.000000</position>
				<scale>1.000000 1.000000 1.000000</scale>
				<quat>-0.000000 0.422619 -0.000000 0.906307</quat>
			</transform>
		</portal>
		<portal>
			<meshindex>14</meshindex>
			<name>PortalActor_4</name>
			<transform>
				<position>110.000000 250.000000 1240.000000</position>
				<scale>1.000000 1.000000 1.000000</scale>
				<quat>-0.000000 0.707107 -0.000000 0.707106</quat>
			</transform>
			<transform>
				<position>0.000000 490.000000 0.000000</position>
				<scale>1.000000 1.000000 1.000000</scale>
				<quat>0.000000 0.000000 0.707107 0.707107</quat>
			</transform>
		</portal>
		<portal>
			<meshindex>14</meshindex>
			<name>PortalActor_7</name>
			<transform>
				<position>949.428833 242.560455 3.405212</position>
				<scale>1.000000 1.000000 1.000000</scale>
				<quat>-0.120923 0.280142 -0.209444 0.928995</quat>
			</transform>
			<transform>
				<position>0.000000 300.000000 380.000000</position>
				<scale>1.000000 1.000000 1.000000</scale>
				<quat>-0.000000 -0.000000 -0.000000 1.000000</quat>
			</transform>
		</portal>
		<portal>
			<meshindex>14</meshindex>
			<name>PortalActor_9</name>
			<transform>
				<position>380.000000 130.000000 1060.000000</position>
				<scale>1.000000 1.000000 1.000000</scale>
				<quat>-0.000000 -0.000000 -0.000000 1.000000</quat>
			</transform>
			<transform>
				<position>-30.000000 130.000000 1060.000000</position>
				<scale>1.000000 1.000000 1.000000</scale>
				<quat>-0.000000 -0.000000 -0.000000 1.000000</quat>
			</transform>
		</portal>
		<camera>
			<position>937.490784 547.199097 1255.839844</position>
			<direction>-0.656647 -0.325541 -0.680321</direction>
		</camera>
	</scene>
</root>

