<root encoding="UTF-8">
	<meshes>
		<file>SM_AssetPlatform.obj</file>
		<file>Floor_400x400.obj</file>
		<file>EditorPlane.obj</file>
		<file>SM_MERGED_Wall_400x400_56.obj</file>
		<file>Shape_Cone.obj</file>
	</meshes>
	<scene>
		<object>
			<meshindex>0</meshindex>
			<transform>
				<position>0.000000 0.000000 0.000000</position>
				<scale>10.000000 1.000000 10.000000</scale>
				<quat>-0.000000 -0.000000 -0.000000 1.000000</quat>
			</transform>
			<name>SM_AssetPlatform_2</name>
		</object>
		<object>
			<meshindex>1</meshindex>
			<transform>
				<position>1340.000000 0.000000 -510.000000</position>
				<scale>1.000000 1.000000 1.000000</scale>
				<quat>-0.000000 -0.000000 -0.000000 1.000000</quat>
			</transform>
			<name>Floor_400x400_44</name>
		</object>
		<object>
			<meshindex>3</meshindex>
			<transform>
				<position>-20.000000 0.000000 240.000000</position>
				<scale>1.000000 1.000000 1.000000</scale>
				<quat>-0.000000 -0.000000 -0.000000 1.000000</quat>
			</transform>
			<name>SM_MERGED_Wall_400x400_73</name>
		</object>
		<portal>
			<meshindex>2</meshindex>
			<name>PortalActor_1</name>
			<transform>
				<position>-20.000000 120.000000 -370.000000</position>
				<scale>1.000000 1.000000 1.000000</scale>
				<quat>-0.000000 -0.000001 -0.000000 1.000000</quat>
			</transform>
			<transform>
				<position>-220.000000 120.000000 -160.000000</position>
				<scale>1.000000 1.000000 1.000000</scale>
				<quat>-0.000000 0.707107 -0.000000 0.707107</quat>
			</transform>
		</portal>
	</scene>
</root>

